ID,Name,Age,Salary,City,Experience_Years
1,User_1,30,57623,Bangalore,0
2,User_2,55,99164,Mumbai,8
3,User_3,29,19110,Nagpur,7
4,User_4,59,28410,Pune,9
5,User_5,34,42915,Delhi,14
6,User_6,23,96806,Delhi,13
7,User_7,40,49202,Delhi,14
8,User_8,41,80813,Nagpur,13
9,User_9,43,45251,Mumbai,11
10,User_10,44,61908,Bangalore,6
11,User_11,33,25071,Bangalore,8
12,User_12,27,40649,Nagpur,6
13,User_13,52,36264,Bangalore,4
14,User_14,24,20051,Pune,9
15,User_15,39,26616,Delhi,13
16,User_16,49,22827,Nagpur,14
17,User_17,57,80710,Nagpur,3
18,User_18,52,58975,Mumbai,2
19,User_19,43,79783,Pune,2
20,User_20,38,53645,Delhi,3
21,User_21,47,28449,Nagpur,2
22,User_22,53,29924,Nagpur,5
23,User_23,50,33119,Pune,8
24,User_24,30,32426,Delhi,11
25,User_25,34,88014,Bangalore,8
26,User_26,25,28720,Delhi,13
27,User_27,47,55461,Bangalore,10
28,User_28,56,76882,Pune,3
29,User_29,20,28050,Pune,2
30,User_30,40,47915,Pune,5
31,User_31,47,46698,Mumbai,9
32,User_32,48,20637,Nagpur,2
33,User_33,31,81908,Pune,5
34,User_34,28,60196,Delhi,1
35,User_35,37,61378,Nagpur,1
36,User_36,25,23190,Bangalore,4
37,User_37,47,27289,Mumbai,5
38,User_38,29,34970,Nagpur,5
39,User_39,57,67708,Bangalore,14
40,User_40,37,77753,Nagpur,8
41,User_41,53,89392,Pune,8
42,User_42,44,28638,Bangalore,0
43,User_43,23,33004,Mumbai,9
44,User_44,42,54919,Mumbai,14
45,User_45,38,99953,Nagpur,10
46,User_46,34,91037,Mumbai,0
47,User_47,31,26630,Bangalore,10
48,User_48,27,48514,Delhi,5
49,User_49,49,44676,Pune,3
50,User_50,53,51355,Mumbai,1
51,User_51,59,73469,Nagpur,8
52,User_52,58,85470,Nagpur,13
53,User_53,35,34139,Mumbai,4
54,User_54,25,89415,Bangalore,13
55,User_55,50,91442,Delhi,10
56,User_56,40,15028,Delhi,13
57,User_57,26,48806,Nagpur,5
58,User_58,26,70830,Mumbai,10
59,User_59,32,98916,Mumbai,4
60,User_60,50,28543,Mumbai,10
61,User_61,24,72192,Mumbai,14
62,User_62,19,93975,Pune,10
63,User_63,25,95258,Bangalore,6
64,User_64,21,68155,Delhi,4
65,User_65,47,40758,Delhi,2
66,User_66,19,71207,Pune,1
67,User_67,50,69585,Mumbai,10
68,User_68,54,92950,Pune,9
69,User_69,24,58314,Mumbai,14
70,User_70,55,41785,Bangalore,5
71,User_71,23,57054,Mumbai,12
72,User_72,30,23725,Delhi,4
73,User_73,48,78491,Bangalore,0
74,User_74,56,74775,Pune,4
75,User_75,48,86481,Mumbai,8
76,User_76,45,53393,Bangalore,3
77,User_77,24,75061,Delhi,10
78,User_78,45,94146,Pune,11
79,User_79,35,71621,Bangalore,9
80,User_80,49,19789,Bangalore,1
81,User_81,59,23220,Bangalore,9
82,User_82,28,43342,Delhi,1
83,User_83,28,33770,Delhi,13
84,User_84,33,42303,Nagpur,3
85,User_85,36,21731,Nagpur,2
86,User_86,46,92401,Pune,14
87,User_87,53,83334,Bangalore,11
88,User_88,29,75816,Nagpur,3
89,User_89,27,37211,Pune,2
90,User_90,31,75880,Nagpur,7
91,User_91,20,51638,Delhi,11
92,User_92,33,26583,Nagpur,14
93,User_93,25,31138,Bangalore,11
94,User_94,24,91271,Pune,13
95,User_95,37,69715,Pune,5
96,User_96,47,97165,Nagpur,13
97,User_97,34,43496,Nagpur,2
98,User_98,56,59811,Bangalore,1
99,User_99,50,98094,Bangalore,11
100,User_100,34,37574,Mumbai,13
101,User_101,18,36866,Mumbai,13
102,User_102,58,60069,Pune,7
103,User_103,34,38942,Delhi,1
104,User_104,27,45673,Mumbai,0
105,User_105,52,65007,Delhi,1
106,User_106,29,59934,Mumbai,11
107,User_107,45,89547,Mumbai,13
108,User_108,20,94490,Pune,14
109,User_109,28,54870,Delhi,10
110,User_110,59,82301,Bangalore,14
111,User_111,53,87548,Pune,4
112,User_112,44,48034,Bangalore,7
113,User_113,38,16034,Pune,13
114,User_114,30,71113,Bangalore,1
115,User_115,20,31957,Delhi,3
116,User_116,59,16574,Nagpur,11
117,User_117,50,99711,Nagpur,1
118,User_118,20,66105,Pune,11
119,User_119,51,31839,Nagpur,0
120,User_120,18,96866,Mumbai,4
121,User_121,29,68575,Delhi,6
122,User_122,36,77681,Bangalore,12
123,User_123,32,82438,Mumbai,4
124,User_124,25,79777,Mumbai,8
125,User_125,54,83598,Bangalore,4
126,User_126,42,76840,Nagpur,7
127,User_127,21,27216,Delhi,0
128,User_128,48,89753,Delhi,11
129,User_129,18,47504,Bangalore,12
130,User_130,37,19644,Nagpur,4
131,User_131,23,40599,Pune,8
132,User_132,45,73833,Mumbai,12
133,User_133,41,50821,Bangalore,9
134,User_134,56,55584,Pune,9
135,User_135,24,93053,Mumbai,12
136,User_136,30,34668,Delhi,5
137,User_137,54,29802,Delhi,6
138,User_138,52,45716,Pune,7
139,User_139,39,93649,Delhi,13
140,User_140,43,27380,Mumbai,6
141,User_141,35,74583,Nagpur,13
142,User_142,57,84532,Bangalore,14
143,User_143,52,34819,Delhi,12
144,User_144,23,77003,Mumbai,6
145,User_145,29,17744,Mumbai,12
146,User_146,34,58919,Pune,11
147,User_147,56,61238,Delhi,4
148,User_148,29,35240,Pune,13
149,User_149,23,57877,Nagpur,6
150,User_150,28,67330,Mumbai,9
151,User_151,24,77773,Pune,6
152,User_152,57,84718,Pune,1
153,User_153,26,81502,Bangalore,10
154,User_154,54,43885,Mumbai,14
155,User_155,58,78811,Bangalore,0
156,User_156,30,65975,Mumbai,12
157,User_157,54,51210,Delhi,3
158,User_158,38,43106,Bangalore,6
159,User_159,33,49349,Bangalore,0
160,User_160,42,38308,Delhi,3
161,User_161,39,76647,Mumbai,3
162,User_162,52,27204,Delhi,12
163,User_163,46,73117,Bangalore,9
164,User_164,37,94352,Nagpur,5
165,User_165,34,50929,Bangalore,4
166,User_166,26,72103,Mumbai,10
167,User_167,47,57489,Nagpur,0
168,User_168,19,78000,Mumbai,0
169,User_169,39,99253,Pune,14
170,User_170,22,19174,Nagpur,1
171,User_171,59,85181,Mumbai,8
172,User_172,35,20689,Mumbai,13
173,User_173,57,47399,Bangalore,0
174,User_174,24,40814,Nagpur,5
175,User_175,53,37666,Mumbai,3
176,User_176,20,44469,Mumbai,9
177,User_177,31,94911,Bangalore,14
178,User_178,59,99352,Bangalore,0
179,User_179,41,90996,Delhi,9
180,User_180,57,59026,Nagpur,12
181,User_181,42,73890,Delhi,1
182,User_182,55,42851,Mumbai,7
183,User_183,42,70420,Pune,7
184,User_184,24,42473,Bangalore,6
185,User_185,21,19163,Bangalore,11
186,User_186,47,33709,Mumbai,7
187,User_187,31,81699,Mumbai,2
188,User_188,52,98916,Pune,13
189,User_189,56,70908,Bangalore,14
190,User_190,32,43724,Delhi,14
191,User_191,50,49427,Pune,11
192,User_192,18,62962,Pune,10
193,User_193,54,83269,Pune,3
194,User_194,20,56238,Nagpur,14
195,User_195,41,60342,Delhi,0
196,User_196,52,88256,Pune,4
197,User_197,33,81421,Mumbai,13
198,User_198,51,40278,Delhi,4
199,User_199,31,26060,Mumbai,2
200,User_200,44,80515,Delhi,2
201,User_201,42,36013,Mumbai,10
202,User_202,37,44944,Nagpur,9
203,User_203,40,98264,Bangalore,1
204,User_204,18,66919,Delhi,0
205,User_205,45,16073,Pune,7
206,User_206,43,40114,Pune,9
207,User_207,53,96373,Nagpur,10
208,User_208,25,72064,Bangalore,9
209,User_209,23,19407,Pune,13
210,User_210,51,36464,Pune,8
211,User_211,46,65081,Pune,11
212,User_212,38,80062,Delhi,8
213,User_213,57,20227,Mumbai,5
214,User_214,56,96174,Nagpur,6
215,User_215,37,77460,Bangalore,5
216,User_216,44,84190,Mumbai,9
217,User_217,59,88961,Mumbai,10
218,User_218,51,42569,Delhi,6
219,User_219,34,42623,Bangalore,5
220,User_220,42,57625,Pune,10
221,User_221,57,44670,Pune,8
222,User_222,36,38453,Delhi,2
223,User_223,20,15657,Delhi,1
224,User_224,38,94267,Delhi,6
225,User_225,19,73989,Mumbai,1
226,User_226,56,85258,Mumbai,9
227,User_227,45,62250,Nagpur,3
228,User_228,25,46568,Mumbai,0
229,User_229,36,87395,Delhi,7
230,User_230,27,81333,Bangalore,8
231,User_231,28,46382,Mumbai,8
232,User_232,27,31856,Mumbai,3
233,User_233,36,84382,Bangalore,12
234,User_234,52,42669,Mumbai,2
235,User_235,49,58812,Nagpur,10
236,User_236,55,61846,Delhi,11
237,User_237,57,82113,Delhi,9
238,User_238,20,88362,Delhi,13
239,User_239,31,25560,Bangalore,9
240,User_240,57,90525,Nagpur,10
241,User_241,42,29662,Bangalore,1
242,User_242,42,53656,Delhi,6
243,User_243,53,30049,Delhi,9
244,User_244,25,38898,Mumbai,13
245,User_245,44,56474,Bangalore,12
246,User_246,28,96491,Mumbai,1
247,User_247,33,40579,Pune,10
248,User_248,32,93433,Bangalore,7
249,User_249,56,41155,Nagpur,4
250,User_250,18,70787,Bangalore,4
251,User_251,39,81791,Delhi,2
252,User_252,35,80521,Mumbai,10
253,User_253,30,87201,Nagpur,14
254,User_254,20,74567,Delhi,0
255,User_255,58,15262,Nagpur,0
256,User_256,56,23921,Mumbai,0
257,User_257,35,91791,Delhi,11
258,User_258,48,81370,Pune,9
259,User_259,48,17260,Delhi,4
260,User_260,36,39593,Pune,6
261,User_261,21,29766,Mumbai,7
262,User_262,26,70715,Delhi,8
263,User_263,33,55403,Mumbai,8
264,User_264,41,46432,Delhi,3
265,User_265,41,69872,Delhi,9
266,User_266,32,94516,Mumbai,4
267,User_267,23,78511,Mumbai,8
268,User_268,20,37651,Bangalore,3
269,User_269,43,67119,Bangalore,14
270,User_270,34,84280,Pune,6
271,User_271,32,50405,Bangalore,14
272,User_272,46,89738,Pune,14
273,User_273,32,25939,Nagpur,6
274,User_274,40,51952,Pune,0
275,User_275,32,77421,Delhi,14
276,User_276,37,69127,Pune,0
277,User_277,30,70992,Mumbai,11
278,User_278,21,79467,Delhi,12
279,User_279,31,57150,Pune,4
280,User_280,53,49672,Pune,12
281,User_281,20,79856,Delhi,2
282,User_282,34,16140,Mumbai,6
283,User_283,18,94159,Mumbai,6
284,User_284,18,19598,Mumbai,13
285,User_285,37,16106,Delhi,14
286,User_286,32,97966,Pune,3
287,User_287,25,75656,Delhi,0
288,User_288,49,39168,Mumbai,14
289,User_289,32,58257,Pune,2
290,User_290,18,72219,Delhi,6
291,User_291,42,31841,Pune,4
292,User_292,30,69440,Nagpur,14
293,User_293,40,73508,Mumbai,6
294,User_294,39,91995,Nagpur,9
295,User_295,43,21883,Nagpur,3
296,User_296,28,74685,Pune,8
297,User_297,47,21629,Pune,5
298,User_298,45,49072,Mumbai,4
299,User_299,39,37443,Bangalore,8
300,User_300,21,32887,Bangalore,1
301,User_301,50,71943,Delhi,10
302,User_302,38,92099,Nagpur,2
303,User_303,19,59780,Mumbai,1
304,User_304,19,77269,Mumbai,1
305,User_305,55,61277,Mumbai,1
306,User_306,25,67124,Pune,3
307,User_307,46,43914,Bangalore,9
308,User_308,47,40509,Nagpur,10
309,User_309,38,38099,Delhi,4
310,User_310,27,29862,Nagpur,2
311,User_311,54,58819,Mumbai,9
312,User_312,31,32973,Nagpur,4
313,User_313,36,91821,Pune,2
314,User_314,55,55176,Delhi,8
315,User_315,37,84880,Delhi,4
316,User_316,19,54819,Pune,10
317,User_317,50,76039,Delhi,12
318,User_318,49,88412,Pune,5
319,User_319,30,18724,Bangalore,8
320,User_320,59,42298,Pune,13
321,User_321,45,22393,Mumbai,7
322,User_322,40,99375,Mumbai,6
323,User_323,34,27577,Nagpur,12
324,User_324,25,37944,Pune,5
325,User_325,52,27237,Bangalore,8
326,User_326,18,16049,Delhi,10
327,User_327,24,68817,Bangalore,2
328,User_328,50,29403,Mumbai,11
329,User_329,48,50259,Nagpur,6
330,User_330,20,53257,Delhi,5
331,User_331,44,20164,Nagpur,10
332,User_332,32,21200,Pune,4
333,User_333,43,63521,Nagpur,2
334,User_334,54,88714,Pune,7
335,User_335,51,48786,Bangalore,0
336,User_336,27,77447,Nagpur,7
337,User_337,58,73864,Mumbai,5
338,User_338,18,89893,Nagpur,5
339,User_339,30,77338,Delhi,9
340,User_340,33,70302,Delhi,2
341,User_341,44,27456,Nagpur,7
342,User_342,57,69661,Nagpur,11
343,User_343,35,15127,Bangalore,10
344,User_344,24,91269,Mumbai,14
345,User_345,48,19496,Mumbai,2
346,User_346,31,69411,Bangalore,5
347,User_347,48,59894,Nagpur,5
348,User_348,38,19530,Delhi,6
349,User_349,27,93538,Delhi,13
350,User_350,25,85895,Delhi,0
351,User_351,45,82318,Nagpur,1
352,User_352,46,71125,Pune,2
353,User_353,18,72961,Pune,7
354,User_354,41,39742,Mumbai,2
355,User_355,28,36033,Delhi,8
356,User_356,32,52855,Nagpur,14
357,User_357,48,47144,Delhi,5
358,User_358,22,64064,Delhi,5
359,User_359,46,65499,Delhi,13
360,User_360,42,76561,Bangalore,12
361,User_361,39,73018,Delhi,8
362,User_362,55,41785,Mumbai,4
363,User_363,59,85985,Delhi,1
364,User_364,35,29432,Mumbai,7
365,User_365,25,49172,Mumbai,9
366,User_366,35,48644,Delhi,9
367,User_367,45,57852,Pune,4
368,User_368,38,22390,Pune,3
369,User_369,35,92450,Delhi,2
370,User_370,24,37757,Bangalore,13
371,User_371,22,33049,Pune,7
372,User_372,59,37838,Delhi,8
373,User_373,47,31576,Mumbai,2
374,User_374,45,25020,Delhi,6
375,User_375,48,84796,Mumbai,5
376,User_376,33,39147,Mumbai,8
377,User_377,56,90449,Pune,7
378,User_378,58,93744,Nagpur,13
379,User_379,51,33029,Mumbai,4
380,User_380,25,50271,Delhi,7
381,User_381,58,32118,Delhi,4
382,User_382,45,87006,Mumbai,14
383,User_383,56,44645,Pune,2
384,User_384,46,71456,Nagpur,7
385,User_385,45,43089,Delhi,6
386,User_386,54,62208,Bangalore,13
387,User_387,46,83270,Nagpur,6
388,User_388,36,56242,Mumbai,11
389,User_389,25,61051,Pune,14
390,User_390,23,89880,Mumbai,12
391,User_391,48,74529,Nagpur,11
392,User_392,47,50415,Bangalore,9
393,User_393,29,99724,Mumbai,13
394,User_394,52,38299,Delhi,4
395,User_395,59,27550,Pune,6
396,User_396,37,79066,Pune,5
397,User_397,39,47408,Pune,13
398,User_398,29,76917,Bangalore,14
399,User_399,57,52742,Pune,10
400,User_400,24,74576,Pune,5
401,User_401,24,17334,Bangalore,11
402,User_402,46,77459,Delhi,14
403,User_403,57,24891,Nagpur,10
404,User_404,44,50260,Mumbai,7
405,User_405,55,28430,Mumbai,6
406,User_406,24,39287,Nagpur,8
407,User_407,28,28817,Pune,1
408,User_408,24,92025,Nagpur,8
409,User_409,51,55458,Mumbai,6
410,User_410,44,88214,Mumbai,9
411,User_411,41,69891,Bangalore,5
412,User_412,49,39216,Mumbai,11
413,User_413,22,38341,Nagpur,8
414,User_414,28,41587,Bangalore,9
415,User_415,49,28179,Bangalore,6
416,User_416,47,35777,Mumbai,1
417,User_417,19,16546,Mumbai,6
418,User_418,24,80602,Bangalore,4
419,User_419,41,83279,Mumbai,4
420,User_420,41,43208,Nagpur,11
421,User_421,31,37298,Pune,3
422,User_422,34,55798,Bangalore,10
423,User_423,19,27862,Delhi,11
424,User_424,25,41112,Nagpur,4
425,User_425,47,55824,Delhi,5
426,User_426,30,31151,Delhi,13
427,User_427,38,74991,Delhi,14
428,User_428,19,96065,Delhi,11
429,User_429,31,88283,Pune,12
430,User_430,20,34351,Pune,12
431,User_431,56,78707,Bangalore,11
432,User_432,38,22652,Bangalore,5
433,User_433,36,55785,Bangalore,13
434,User_434,57,34753,Nagpur,8
435,User_435,54,42096,Nagpur,11
436,User_436,48,24364,Bangalore,2
437,User_437,58,86691,Delhi,3
438,User_438,28,15755,Bangalore,3
439,User_439,30,90440,Delhi,4
440,User_440,21,42040,Pune,11
441,User_441,48,90984,Delhi,13
442,User_442,53,72732,Bangalore,8
443,User_443,53,58074,Delhi,7
444,User_444,37,91323,Bangalore,6
445,User_445,55,76975,Mumbai,6
446,User_446,30,61558,Pune,7
447,User_447,46,62350,Mumbai,5
448,User_448,33,71949,Pune,10
449,User_449,52,64481,Delhi,12
450,User_450,29,94283,Delhi,0
451,User_451,46,26256,Bangalore,0
452,User_452,42,48942,Bangalore,13
453,User_453,35,75581,Mumbai,12
454,User_454,50,75566,Mumbai,7
455,User_455,24,24996,Delhi,11
456,User_456,46,51926,Bangalore,7
457,User_457,45,78191,Nagpur,4
458,User_458,19,26196,Mumbai,6
459,User_459,30,42744,Mumbai,7
460,User_460,37,85254,Delhi,6
461,User_461,25,69801,Bangalore,2
462,User_462,31,48083,Delhi,0
463,User_463,28,21324,Bangalore,13
464,User_464,22,32377,Mumbai,6
465,User_465,57,75136,Mumbai,8
466,User_466,30,35335,Bangalore,1
467,User_467,53,56429,Delhi,2
468,User_468,37,40823,Pune,13
469,User_469,36,42424,Nagpur,14
470,User_470,29,79918,Pune,3
471,User_471,52,56674,Nagpur,2
472,User_472,49,35762,Mumbai,3
473,User_473,22,30248,Delhi,7
474,User_474,29,68404,Pune,12
475,User_475,37,67447,Delhi,1
476,User_476,50,26701,Bangalore,9
477,User_477,36,37186,Pune,9
478,User_478,54,71199,Pune,5
479,User_479,32,20661,Pune,6
480,User_480,42,56186,Bangalore,7
481,User_481,49,35231,Nagpur,9
482,User_482,24,73199,Nagpur,1
483,User_483,31,40927,Bangalore,5
484,User_484,21,69762,Mumbai,1
485,User_485,45,21661,Delhi,14
486,User_486,29,48835,Mumbai,0
487,User_487,19,42462,Bangalore,12
488,User_488,51,71088,Bangalore,3
489,User_489,39,56683,Nagpur,1
490,User_490,47,18725,Delhi,14
491,User_491,50,88200,Bangalore,3
492,User_492,58,24772,Mumbai,0
493,User_493,43,16666,Delhi,5
494,User_494,55,57003,Nagpur,3
495,User_495,33,17184,Mumbai,6
496,User_496,57,91226,Nagpur,12
497,User_497,18,58533,Mumbai,9
498,User_498,58,17109,Nagpur,11
499,User_499,56,68592,Bangalore,0
500,User_500,30,33829,Pune,7
501,User_501,36,63372,Mumbai,4
502,User_502,35,30695,Pune,8
503,User_503,18,93786,Nagpur,12
504,User_504,43,28342,Pune,9
505,User_505,18,75112,Bangalore,12
506,User_506,47,65718,Pune,1
507,User_507,38,67671,Pune,9
508,User_508,43,76557,Mumbai,8
509,User_509,37,84656,Nagpur,7
510,User_510,47,57948,Delhi,14
511,User_511,44,90914,Pune,7
512,User_512,28,77796,Mumbai,10
513,User_513,42,61883,Mumbai,3
514,User_514,37,21824,Pune,8
515,User_515,57,21383,Mumbai,9
516,User_516,21,18018,Bangalore,4
517,User_517,47,74447,Delhi,6
518,User_518,24,69613,Delhi,5
519,User_519,31,27891,Pune,7
520,User_520,32,76509,Delhi,8
521,User_521,48,67261,Pune,13
522,User_522,30,58400,Bangalore,5
523,User_523,56,35708,Delhi,8
524,User_524,35,20822,Bangalore,1
525,User_525,27,85934,Mumbai,0
526,User_526,36,62991,Bangalore,4
527,User_527,39,45686,Delhi,12
528,User_528,21,75722,Nagpur,11
529,User_529,58,92424,Pune,0
530,User_530,59,91775,Nagpur,14
531,User_531,54,21586,Bangalore,14
532,User_532,23,77114,Mumbai,13
533,User_533,37,90931,Pune,12
534,User_534,36,27878,Pune,2
535,User_535,51,36298,Bangalore,9
536,User_536,26,86279,Delhi,8
537,User_537,59,86389,Mumbai,14
538,User_538,39,88990,Nagpur,13
539,User_539,46,28355,Nagpur,1
540,User_540,24,77753,Mumbai,4
541,User_541,49,67507,Pune,0
542,User_542,40,85555,Pune,5
543,User_543,36,44317,Bangalore,4
544,User_544,19,55602,Pune,12
545,User_545,49,79226,Bangalore,2
546,User_546,25,84992,Pune,14
547,User_547,26,64312,Delhi,0
548,User_548,22,68231,Pune,5
549,User_549,20,81932,Mumbai,9
550,User_550,29,88748,Pune,10
551,User_551,24,82852,Mumbai,2
552,User_552,48,91976,Mumbai,7
553,User_553,44,82822,Delhi,2
554,User_554,24,56436,Nagpur,11
555,User_555,36,90466,Bangalore,6
556,User_556,40,37080,Bangalore,6
557,User_557,44,59819,Nagpur,8
558,User_558,49,71182,Mumbai,8
559,User_559,46,29733,Delhi,3
560,User_560,27,99023,Delhi,9
561,User_561,30,91483,Mumbai,4
562,User_562,31,90416,Mumbai,12
563,User_563,42,78371,Bangalore,8
564,User_564,19,70310,Pune,7
565,User_565,20,56990,Bangalore,9
566,User_566,21,21353,Pune,14
567,User_567,40,24181,Bangalore,11
568,User_568,19,33635,Mumbai,13
569,User_569,49,62446,Delhi,0
570,User_570,49,60440,Pune,8
571,User_571,28,92810,Pune,10
572,User_572,46,95760,Bangalore,3
573,User_573,26,42001,Delhi,10
574,User_574,39,95741,Pune,9
575,User_575,48,32798,Pune,9
576,User_576,23,18784,Delhi,12
577,User_577,31,65459,Mumbai,6
578,User_578,56,33153,Nagpur,6
579,User_579,23,60151,Nagpur,5
580,User_580,32,27232,Pune,2
581,User_581,25,36347,Pune,1
582,User_582,37,41496,Pune,4
583,User_583,33,68081,Delhi,0
584,User_584,59,34452,Mumbai,14
585,User_585,53,64238,Delhi,11
586,User_586,45,41009,Pune,1
587,User_587,42,83126,Nagpur,13
588,User_588,22,80207,Pune,8
589,User_589,36,25153,Delhi,10
590,User_590,44,94057,Delhi,1
591,User_591,24,40201,Delhi,14
592,User_592,54,45457,Pune,6
593,User_593,25,62061,Delhi,3
594,User_594,32,37542,Delhi,2
595,User_595,23,44305,Pune,5
596,User_596,40,36559,Bangalore,2
597,User_597,52,20545,Pune,3
598,User_598,58,67909,Delhi,0
599,User_599,58,79401,Bangalore,13
600,User_600,20,65743,Nagpur,7
601,User_601,27,38545,Delhi,14
602,User_602,47,52986,Pune,1
603,User_603,20,22611,Delhi,5
604,User_604,53,67987,Nagpur,8
605,User_605,56,56426,Delhi,10
606,User_606,57,42554,Mumbai,0
607,User_607,52,98825,Bangalore,3
608,User_608,33,21584,Bangalore,2
609,User_609,58,21986,Mumbai,4
610,User_610,27,40723,Pune,13
611,User_611,28,95748,Mumbai,11
612,User_612,55,61679,Delhi,1
613,User_613,31,16818,Pune,6
614,User_614,40,23558,Mumbai,13
615,User_615,23,33334,Bangalore,5
616,User_616,38,68896,Mumbai,8
617,User_617,30,18127,Delhi,3
618,User_618,42,48177,Mumbai,14
619,User_619,38,31099,Pune,13
620,User_620,18,66634,Nagpur,4
621,User_621,36,47229,Mumbai,11
622,User_622,53,51053,Mumbai,10
623,User_623,30,43252,Pune,12
624,User_624,33,15310,Mumbai,7
625,User_625,51,77254,Bangalore,4
626,User_626,18,97007,Mumbai,2
627,User_627,19,72804,Pune,11
628,User_628,25,97318,Pune,9
629,User_629,22,86043,Nagpur,7
630,User_630,45,22112,Mumbai,4
631,User_631,59,36235,Delhi,13
632,User_632,35,31695,Mumbai,6
633,User_633,49,99409,Bangalore,7
634,User_634,56,84212,Bangalore,12
635,User_635,55,81528,Nagpur,14
636,User_636,24,32085,Nagpur,12
637,User_637,42,58033,Delhi,11
638,User_638,35,30413,Delhi,14
639,User_639,22,78383,Delhi,11
640,User_640,21,34080,Nagpur,11
641,User_641,35,92247,Delhi,11
642,User_642,46,82426,Delhi,9
643,User_643,48,62967,Bangalore,12
644,User_644,49,55419,Delhi,4
645,User_645,44,83210,Nagpur,6
646,User_646,49,96599,Mumbai,2
647,User_647,58,30188,Nagpur,5
648,User_648,43,34857,Nagpur,3
649,User_649,39,64494,Nagpur,6
650,User_650,23,56672,Nagpur,3
651,User_651,31,89234,Delhi,6
652,User_652,21,44729,Bangalore,11
653,User_653,44,98215,Mumbai,4
654,User_654,44,61238,Delhi,1
655,User_655,40,20048,Pune,0
656,User_656,46,21639,Delhi,1
657,User_657,30,16103,Pune,14
658,User_658,25,50462,Delhi,4
659,User_659,23,52126,Bangalore,10
660,User_660,49,86381,Delhi,0
661,User_661,41,87920,Pune,1
662,User_662,19,31360,Bangalore,14
663,User_663,51,36890,Mumbai,1
664,User_664,47,93270,Nagpur,7
665,User_665,20,67598,Pune,13
666,User_666,39,40365,Bangalore,14
667,User_667,19,19351,Pune,0
668,User_668,22,33702,Nagpur,1
669,User_669,20,76100,Bangalore,9
670,User_670,45,61064,Delhi,3
671,User_671,46,32789,Mumbai,11
672,User_672,28,35112,Delhi,9
673,User_673,36,82186,Delhi,5
674,User_674,35,36715,Nagpur,2
675,User_675,35,91411,Bangalore,9
676,User_676,44,71407,Pune,10
677,User_677,24,79318,Nagpur,4
678,User_678,56,31312,Pune,8
679,User_679,48,97451,Bangalore,9
680,User_680,40,82931,Pune,12
681,User_681,48,91743,Mumbai,14
682,User_682,47,52740,Delhi,1
683,User_683,27,36123,Mumbai,13
684,User_684,53,80184,Mumbai,11
685,User_685,21,48012,Pune,7
686,User_686,37,83538,Pune,9
687,User_687,26,39825,Nagpur,6
688,User_688,42,83781,Mumbai,10
689,User_689,57,26235,Mumbai,0
690,User_690,21,20773,Pune,11
691,User_691,52,77891,Nagpur,9
692,User_692,51,17322,Delhi,1
693,User_693,58,26461,Delhi,10
694,User_694,25,67705,Delhi,11
695,User_695,36,54142,Pune,14
696,User_696,58,84245,Mumbai,6
697,User_697,52,31075,Mumbai,4
698,User_698,36,63750,Mumbai,3
699,User_699,22,91384,Mumbai,10
700,User_700,24,72948,Mumbai,4
701,User_701,57,53753,Pune,2
702,User_702,21,16548,Mumbai,5
703,User_703,22,59162,Nagpur,6
704,User_704,32,90058,Bangalore,6
705,User_705,24,26799,Bangalore,3
706,User_706,21,57244,Bangalore,10
707,User_707,34,17010,Nagpur,12
708,User_708,22,94736,Nagpur,4
709,User_709,52,58610,Bangalore,10
710,User_710,35,34599,Pune,2
711,User_711,42,82430,Mumbai,9
712,User_712,37,72070,Bangalore,5
713,User_713,45,27450,Pune,3
714,User_714,51,62051,Bangalore,10
715,User_715,50,32824,Pune,7
716,User_716,42,38954,Bangalore,5
717,User_717,37,56726,Mumbai,12
718,User_718,19,29275,Pune,1
719,User_719,34,90407,Mumbai,5
720,User_720,19,40980,Delhi,6
721,User_721,39,89319,Mumbai,2
722,User_722,27,67476,Delhi,9
723,User_723,58,37157,Bangalore,14
724,User_724,45,75663,Nagpur,2
725,User_725,20,54055,Bangalore,13
726,User_726,23,67021,Delhi,1
727,User_727,54,58184,Mumbai,14
728,User_728,58,28380,Nagpur,2
729,User_729,26,44668,Delhi,1
730,User_730,18,36221,Delhi,12
731,User_731,25,69006,Nagpur,3
732,User_732,21,72608,Bangalore,1
733,User_733,26,42717,Mumbai,4
734,User_734,39,77269,Delhi,12
735,User_735,18,83562,Pune,0
736,User_736,29,92812,Pune,14
737,User_737,40,36287,Nagpur,7
738,User_738,31,24106,Nagpur,5
739,User_739,59,50271,Mumbai,12
740,User_740,37,35276,Mumbai,8
741,User_741,23,83734,Pune,0
742,User_742,28,56929,Pune,11
743,User_743,49,35520,Nagpur,8
744,User_744,58,31267,Mumbai,12
745,User_745,36,62884,Nagpur,8
746,User_746,52,52868,Mumbai,8
747,User_747,53,55766,Delhi,1
748,User_748,29,70727,Delhi,12
749,User_749,54,85574,Nagpur,7
750,User_750,50,19667,Pune,6
751,User_751,22,43256,Bangalore,13
752,User_752,50,99608,Mumbai,6
753,User_753,52,45115,Nagpur,3
754,User_754,33,79672,Pune,3
755,User_755,42,60746,Delhi,2
756,User_756,40,69465,Bangalore,14
757,User_757,49,84463,Bangalore,13
758,User_758,30,25566,Delhi,8
759,User_759,32,73496,Pune,4
760,User_760,35,21393,Nagpur,4
761,User_761,26,33233,Delhi,10
762,User_762,55,24483,Mumbai,13
763,User_763,36,86367,Nagpur,13
764,User_764,47,34181,Mumbai,7
765,User_765,55,56964,Pune,11
766,User_766,33,60230,Pune,8
767,User_767,34,88469,Delhi,9
768,User_768,56,63837,Bangalore,8
769,User_769,59,17227,Nagpur,5
770,User_770,59,33801,Delhi,0
771,User_771,38,76196,Mumbai,8
772,User_772,21,98151,Nagpur,14
773,User_773,31,92261,Delhi,6
774,User_774,27,52467,Pune,0
775,User_775,21,25614,Bangalore,13
776,User_776,31,66508,Nagpur,6
777,User_777,45,41764,Pune,9
778,User_778,21,83676,Delhi,0
779,User_779,54,65438,Mumbai,6
780,User_780,23,46611,Nagpur,2
781,User_781,25,81903,Delhi,6
782,User_782,18,16387,Bangalore,10
783,User_783,58,23315,Bangalore,4
784,User_784,50,37431,Delhi,10
785,User_785,42,32772,Bangalore,11
786,User_786,19,69063,Delhi,5
787,User_787,30,85344,Nagpur,2
788,User_788,18,40106,Pune,0
789,User_789,42,77799,Nagpur,13
790,User_790,58,77205,Nagpur,0
791,User_791,28,76408,Bangalore,14
792,User_792,42,90041,Delhi,0
793,User_793,55,18865,Pune,5
794,User_794,47,83539,Delhi,3
795,User_795,19,91889,Pune,9
796,User_796,26,46955,Pune,9
797,User_797,56,31327,Bangalore,7
798,User_798,23,85940,Pune,14
799,User_799,45,80340,Delhi,0
800,User_800,25,31765,Pune,13
801,User_801,23,42259,Mumbai,9
802,User_802,41,63331,Pune,13
803,User_803,43,57434,Delhi,4
804,User_804,38,60961,Nagpur,2
805,User_805,23,30282,Delhi,0
806,User_806,31,91537,Pune,11
807,User_807,54,39597,Mumbai,10
808,User_808,22,57436,Delhi,12
809,User_809,34,42312,Mumbai,7
810,User_810,44,65551,Nagpur,8
811,User_811,18,94501,Bangalore,6
812,User_812,53,88437,Delhi,2
813,User_813,49,22098,Bangalore,3
814,User_814,39,40779,Pune,2
815,User_815,24,76461,Delhi,13
816,User_816,56,41897,Bangalore,1
817,User_817,24,26007,Bangalore,4
818,User_818,48,22903,Mumbai,12
819,User_819,31,46546,Pune,9
820,User_820,57,85028,Bangalore,5
821,User_821,28,32953,Bangalore,9
822,User_822,35,88846,Nagpur,11
823,User_823,19,76914,Bangalore,14
824,User_824,55,68306,Mumbai,0
825,User_825,44,26946,Bangalore,11
826,User_826,33,34081,Nagpur,4
827,User_827,50,40235,Bangalore,7
828,User_828,48,36850,Delhi,8
829,User_829,24,88543,Delhi,5
830,User_830,20,70260,Pune,14
831,User_831,22,59368,Bangalore,9
832,User_832,31,29547,Bangalore,6
833,User_833,50,95321,Bangalore,1
834,User_834,19,40579,Pune,0
835,User_835,24,74842,Delhi,13
836,User_836,57,37049,Delhi,2
837,User_837,47,87145,Delhi,5
838,User_838,20,44220,Bangalore,3
839,User_839,52,37303,Bangalore,8
840,User_840,32,79093,Delhi,13
841,User_841,40,77857,Bangalore,8
842,User_842,29,75328,Nagpur,5
843,User_843,35,32641,Bangalore,2
844,User_844,29,40097,Delhi,13
845,User_845,48,90238,Pune,8
846,User_846,33,88435,Nagpur,13
847,User_847,49,65304,Pune,7
848,User_848,48,36932,Delhi,5
849,User_849,53,44165,Bangalore,11
850,User_850,40,65161,Pune,12
851,User_851,23,79645,Delhi,1
852,User_852,31,90665,Nagpur,13
853,User_853,51,44861,Mumbai,1
854,User_854,39,57215,Mumbai,14
855,User_855,51,98789,Mumbai,4
856,User_856,23,72441,Bangalore,10
857,User_857,51,41653,Mumbai,6
858,User_858,22,88508,Nagpur,14
859,User_859,38,33450,Bangalore,7
860,User_860,40,49597,Delhi,12
861,User_861,51,76677,Bangalore,10
862,User_862,47,37530,Pune,11
863,User_863,59,59263,Mumbai,13
864,User_864,48,69539,Nagpur,3
865,User_865,56,92228,Bangalore,13
866,User_866,47,17524,Nagpur,11
867,User_867,40,91993,Bangalore,8
868,User_868,24,70904,Nagpur,8
869,User_869,57,26295,Bangalore,12
870,User_870,54,43309,Bangalore,9
871,User_871,29,17081,Mumbai,11
872,User_872,28,93714,Pune,13
873,User_873,30,68763,Delhi,5
874,User_874,20,40874,Delhi,10
875,User_875,25,26804,Delhi,14
876,User_876,33,66719,Delhi,1
877,User_877,47,65427,Mumbai,1
878,User_878,57,41972,Delhi,13
879,User_879,52,96946,Delhi,7
880,User_880,56,99279,Pune,0
881,User_881,47,60785,Pune,7
882,User_882,56,77539,Nagpur,3
883,User_883,58,22681,Bangalore,7
884,User_884,31,96569,Nagpur,10
885,User_885,25,46861,Pune,13
886,User_886,18,82843,Pune,7
887,User_887,54,94113,Pune,8
888,User_888,42,43488,Pune,5
889,User_889,42,81826,Pune,5
890,User_890,25,28959,Pune,9
891,User_891,24,69417,Delhi,14
892,User_892,24,98966,Mumbai,2
893,User_893,39,34325,Bangalore,9
894,User_894,44,22792,Bangalore,2
895,User_895,24,87391,Mumbai,11
896,User_896,20,44717,Pune,14
897,User_897,33,45017,Pune,9
898,User_898,40,63818,Nagpur,2
899,User_899,21,85072,Nagpur,13
900,User_900,49,40338,Bangalore,0
901,User_901,51,31608,Delhi,12
902,User_902,31,64474,Delhi,4
903,User_903,27,58397,Nagpur,9
904,User_904,26,38907,Delhi,0
905,User_905,46,35540,Mumbai,4
906,User_906,49,70127,Mumbai,4
907,User_907,48,51734,Delhi,7
908,User_908,30,82787,Mumbai,9
909,User_909,42,16320,Mumbai,13
910,User_910,48,68836,Delhi,5
911,User_911,39,32443,Bangalore,3
912,User_912,24,78346,Pune,14
913,User_913,58,93530,Mumbai,6
914,User_914,30,37191,Mumbai,4
915,User_915,55,85157,Delhi,0
916,User_916,56,44830,Bangalore,3
917,User_917,50,93816,Nagpur,10
918,User_918,38,24681,Nagpur,4
919,User_919,55,83076,Mumbai,1
920,User_920,41,22643,Bangalore,6
921,User_921,51,29588,Pune,14
922,User_922,52,92279,Bangalore,2
923,User_923,34,77353,Delhi,7
924,User_924,41,47266,Delhi,4
925,User_925,55,95169,Bangalore,6
926,User_926,34,27822,Bangalore,11
927,User_927,56,47340,Delhi,10
928,User_928,58,25349,Pune,2
929,User_929,40,73067,Nagpur,14
930,User_930,36,79012,Nagpur,7
931,User_931,50,84778,Delhi,8
932,User_932,51,47843,Delhi,14
933,User_933,34,62664,Bangalore,8
934,User_934,48,55092,Nagpur,4
935,User_935,56,20970,Nagpur,2
936,User_936,59,87639,Bangalore,3
937,User_937,43,82442,Bangalore,9
938,User_938,47,50845,Mumbai,14
939,User_939,35,20156,Pune,3
940,User_940,21,83060,Nagpur,5
941,User_941,30,17173,Mumbai,11
942,User_942,46,74157,Mumbai,5
943,User_943,38,48342,Bangalore,2
944,User_944,35,58128,Delhi,9
945,User_945,37,80339,Delhi,6
946,User_946,32,52848,Pune,8
947,User_947,51,86352,Pune,11
948,User_948,21,74393,Delhi,10
949,User_949,51,75556,Nagpur,7
950,User_950,34,66258,Delhi,7
951,User_951,34,63086,Nagpur,11
952,User_952,25,53817,Nagpur,11
953,User_953,57,94426,Delhi,4
954,User_954,26,80447,Bangalore,0
955,User_955,38,63064,Delhi,4
956,User_956,33,28976,Delhi,7
957,User_957,57,53415,Mumbai,14
958,User_958,22,90999,Pune,14
959,User_959,24,45802,Delhi,13
960,User_960,23,31842,Pune,4
961,User_961,51,15858,Delhi,13
962,User_962,56,51102,Bangalore,12
963,User_963,33,24878,Delhi,10
964,User_964,44,15889,Nagpur,13
965,User_965,46,84470,Pune,10
966,User_966,39,88360,Bangalore,5
967,User_967,27,78681,Pune,1
968,User_968,42,89001,Mumbai,0
969,User_969,52,66931,Delhi,2
970,User_970,25,58727,Mumbai,9
971,User_971,32,40233,Bangalore,8
972,User_972,35,98498,Nagpur,8
973,User_973,45,74089,Nagpur,6
974,User_974,37,34782,Mumbai,13
975,User_975,51,17340,Pune,11
976,User_976,53,88429,Nagpur,6
977,User_977,26,92611,Delhi,13
978,User_978,50,39050,Mumbai,0
979,User_979,49,45684,Nagpur,9
980,User_980,21,16513,Pune,10
981,User_981,36,76473,Bangalore,11
982,User_982,40,59432,Nagpur,5
983,User_983,29,63608,Nagpur,3
984,User_984,36,84240,Bangalore,5
985,User_985,29,91084,Bangalore,2
986,User_986,49,34702,Nagpur,14
987,User_987,19,30397,Delhi,14
988,User_988,20,35699,Mumbai,2
989,User_989,18,35268,Delhi,0
990,User_990,34,63003,Nagpur,7
991,User_991,56,47331,Mumbai,4
992,User_992,27,22873,Delhi,8
993,User_993,27,63712,Pune,3
994,User_994,31,31524,Delhi,8
995,User_995,25,73033,Bangalore,10
996,User_996,20,31788,Pune,4
997,User_997,51,46430,Delhi,14
998,User_998,44,95143,Bangalore,7
999,User_999,24,44956,Mumbai,8
1000,User_1000,49,35710,Nagpur,12
